-- phpMyAdmin SQL Dump
-- version 5.2.1
-- https://www.phpmyadmin.net/
--
-- Host: 127.0.0.1
-- Generation Time: Apr 01, 2024 at 12:19 AM
-- Server version: 10.4.32-MariaDB
-- PHP Version: 8.0.30

SET SQL_MODE = "NO_AUTO_VALUE_ON_ZERO";
START TRANSACTION;
SET time_zone = "+00:00";


/*!40101 SET @OLD_CHARACTER_SET_CLIENT=@@CHARACTER_SET_CLIENT */;
/*!40101 SET @OLD_CHARACTER_SET_RESULTS=@@CHARACTER_SET_RESULTS */;
/*!40101 SET @OLD_COLLATION_CONNECTION=@@COLLATION_CONNECTION */;
/*!40101 SET NAMES utf8mb4 */;

--
-- Database: `linkedin_webscraping1`
--

-- --------------------------------------------------------

--
-- Table structure for table `company`
--

CREATE TABLE `company` (
  `id` int(11) NOT NULL,
  `name` varchar(255) NOT NULL
) ENGINE=InnoDB DEFAULT CHARSET=utf8mb4 COLLATE=utf8mb4_general_ci;

--
-- Dumping data for table `company`
--

INSERT INTO `company` (`id`, `name`) VALUES
(1, 'UbiAI '),
(2, 'RED LION & CO '),
(3, 'Quadcode '),
(4, 'saas.group '),
(5, 'Canonical '),
(6, 'Bitrise '),
(7, 'Atlassian '),
(8, 'Yeah! Global '),
(9, 'CodeMonk '),
(10, 'Crossover  '),
(11, 'Matter Labs '),
(12, 'Newcore '),
(13, 'Works '),
(14, 'Understanding Recruitment '),
(15, 'Acrolinx '),
(16, 'Consensys '),
(17, 'Aircall '),
(18, 'Infor '),
(19, 'VirtualExpo Group '),
(20, 'Dev Square Studio '),
(21, 'Sofrecom Tunisie '),
(22, 'TEAMWILL '),
(23, 'Braintrust '),
(24, 'Devoteam Tunisie  '),
(25, 'Railway '),
(26, 'G2i Inc. '),
(27, 'Pragmatike '),
(28, 'be-softilys Tunisie '),
(29, 'Medius '),
(30, '1Spatial FR '),
(31, 'Vneuron Risk & Compliance '),
(32, 'Capgemini Engineering '),
(33, 'CBTW IT & Technology / Positive Thinking Company '),
(34, 'Linedata '),
(35, 'NeoXam Tunisie '),
(36, 'Anywr '),
(37, 'EY '),
(38, 'ODDO BHF '),
(39, 'FIS '),
(40, 'Addvocate.ai '),
(41, 'SAGEMCOM '),
(42, 'TestCrew | Quality Engineering & Software Testing '),
(43, 'Right Balance ® '),
(44, 'BESTLOG Tunisie '),
(45, 'RGI Group '),
(46, 'OpenZeppelin '),
(47, 'PASS Consulting Group '),
(48, 'Dar Blockchain  '),
(49, 'Gradle Inc. '),
(50, 'Asr développement '),
(51, 'ACTIA Engineering Services '),
(52, 'BilgeAdam Technologies '),
(53, 'Typeform '),
(54, 'EDB '),
(55, 'Jumio Corporation '),
(56, 'MongoDB '),
(57, 'DEVjobs '),
(58, 'Distributed '),
(59, 'Telnyx '),
(60, 'Sintegra Consulting '),
(61, 'RS TECHNOLOGIES '),
(62, 'Tech Kinect '),
(63, 'Hostaway '),
(64, 'RE Partners '),
(65, 'Cerebital '),
(66, 'InstaDeep '),
(67, 'LittleBig Connection '),
(68, 'Yassir '),
(69, 'SlneeIT '),
(70, 'Vio.com '),
(71, 'Countly '),
(72, 'Proxify '),
(73, 'Templafy '),
(74, 'Customer.io '),
(75, 'DXC Technology '),
(76, 'dbt Labs '),
(77, 'Gcore '),
(78, 'Genpact '),
(79, 'Navisite '),
(80, 'Acronis '),
(81, 'Huawei ');

-- --------------------------------------------------------

--
-- Table structure for table `job`
--

CREATE TABLE `job` (
  `id` int(11) NOT NULL,
  `job_name` varchar(255) NOT NULL,
  `title_id` int(11) DEFAULT NULL,
  `company_id` int(11) DEFAULT NULL,
  `location` varchar(255) DEFAULT NULL,
  `applicants` varchar(255) DEFAULT NULL,
  `job_condition` varchar(255) DEFAULT NULL,
  `time` varchar(255) DEFAULT NULL
) ENGINE=InnoDB DEFAULT CHARSET=utf8mb4 COLLATE=utf8mb4_general_ci;

--
-- Dumping data for table `job`
--

INSERT INTO `job` (`id`, `job_name`, `title_id`, `company_id`, `location`, `applicants`, `job_condition`, `time`) VALUES
(1, 'Digital Marketing Manager | SaaS', 1, 1, ' Tunisia ', ' 74 applicants', 'Remote', 'Full-time'),
(2, 'Junior Brand Manager', 1, 2, ' Tunis', ' 17 applicants', 'Hybrid', 'Full-time'),
(3, 'CRM Marketing Manager', 1, 3, ' EMEA ', ' Over 100 applicants', 'Remote', 'Full-time'),
(4, 'Product Growth Marketing Manager', 1, 4, ' EMEA ', ' Over 100 applicants', 'Remote', 'Full-time'),
(5, 'Product Marketing Manager', 1, 5, ' EMEA ', ' Over 100 applicants', 'Remote', 'Full-time'),
(6, 'Performance Marketing Manager', 1, 5, ' EMEA ', ' Over 100 applicants', 'Remote', 'Full-time'),
(7, 'Product Marketing Manager - Data and AI', 1, 5, ' EMEA ', ' Over 100 applicants', 'Remote', 'Full-time'),
(8, 'Affiliate Manager (Portuguese-speaking)', 1, 3, ' EMEA ', ' Over 100 applicants', 'Remote', 'Full-time'),
(9, 'B2B Social Media Marketing Manager', 1, 5, ' EMEA ', ' Over 100 applicants', 'Remote', 'Full-time'),
(10, 'Marketing Manager - Americas', 1, 5, ' EMEA ', ' Over 100 applicants', 'Remote', 'Full-time'),
(11, 'Senior Product Marketing Manager', 1, 5, ' EMEA ', ' Over 100 applicants', 'Remote', 'Full-time'),
(12, 'Product Marketing Manager - EMEA Based', 1, 6, ' EMEA ', ' Over 100 applicants', 'Remote', 'Full-time'),
(13, 'Affiliate Marketing Manager (Indian market)', 1, 3, ' EMEA ', ' Over 100 applicants', 'Remote', 'Full-time'),
(14, 'Principal Technical Product Marketing Manager', 1, 7, ' EMEA ', ' Over 100 applicants', 'Remote', 'Full-time'),
(15, 'Product Marketing Manager - Security', 1, 5, ' EMEA ', ' Over 100 applicants', 'Remote', 'Full-time'),
(16, 'Affiliate Manager (Spanish-Speaker)', 1, 3, ' EMEA ', ' Over 100 applicants', 'Remote', 'Full-time'),
(17, 'Influencer Marketing Manager (Spanish-Speaking)', 1, 3, ' EMEA ', ' Over 100 applicants', 'Remote', 'Full-time'),
(18, 'Affiliate Manager with Thai Language', 1, 3, ' EMEA ', ' Over 100 applicants', 'Remote', 'Full-time'),
(19, 'Field Marketing Manager, DACH', 1, 7, ' EMEA ', ' Over 100 applicants', 'Remote', 'Full-time'),
(20, 'Senior Field Marketing Manager, EMEA', 1, 7, ' EMEA ', ' Over 100 applicants', 'Remote', 'Full-time'),
(21, 'Senior Software Engineer - Tunisia', 2, 8, ' Tunisia ', ' Over 100 applicants', 'Remote', 'Full-time'),
(22, 'Senior Software Engineer', 2, 9, ' EMEA ', ' Over 100 applicants', 'Remote', 'Full-time'),
(23, 'Senior Software Engineer', 2, 9, ' EMEA ', ' Over 100 applicants', 'Remote', 'Full-time'),
(24, 'Senior Software Engineer', 2, 9, ' EMEA ', ' Over 100 applicants', 'Remote', 'Full-time'),
(25, 'Senior Software Engineer', 2, 9, ' EMEA ', ' Over 100 applicants', 'Remote', 'Full-time'),
(26, 'Senior Software Engineer', 2, 9, ' EMEA ', ' Over 100 applicants', 'Remote', 'Full-time'),
(27, 'Senior Software Engineer', 2, 9, ' EMEA ', ' Over 100 applicants', 'Remote', 'Full-time'),
(28, 'Senior Software Engineer', 2, 9, ' EMEA ', ' Over 100 applicants', 'Remote', 'Full-time'),
(29, 'Senior Software Engineer', 2, 9, ' EMEA ', ' Over 100 applicants', 'Remote', 'Full-time'),
(30, 'Senior Software Engineer', 2, 9, ' EMEA ', ' Over 100 applicants', 'Remote', 'Full-time'),
(31, 'Senior Software Engineer', 2, 9, ' EMEA ', ' Over 100 applicants', 'Remote', 'Full-time'),
(33, 'Senior Compiler Engineer', 2, 11, ' EMEA ', ' Over 100 applicants', 'Remote', 'Full-time'),
(35, 'Senior Software Engineer', 2, 12, ' EMEA ', ' Over 100 applicants', 'Remote', 'Full-time'),
(36, 'Senior Software Engineer', 2, 13, ' EMEA ', ' Over 100 applicants', 'Remote', 'Full-time'),
(37, 'Senior Software Engineer', 2, 14, ' EMEA ', ' Over 100 applicants', 'Remote', 'Full-time'),
(38, 'Senior Software Engineer', 2, 14, ' EMEA ', ' Over 100 applicants', 'Remote', 'Full-time'),
(39, 'Senior Software Engineer', 2, 14, ' EMEA ', ' Over 100 applicants', 'Remote', 'Full-time'),
(40, 'Senior Software Engineer', 2, 14, ' EMEA ', ' Over 100 applicants', 'Remote', 'Full-time'),
(41, 'Senior Software Engineer (m/f/d)', 2, 15, ' EMEA ', ' Over 100 applicants', 'Remote', 'Full-time'),
(42, 'Senior Support & Software Engineer, Saudi Arabia', 2, 5, ' EMEA ', ' Over 100 applicants', 'Remote', 'Full-time'),
(43, 'Senior Software Engineer (Transaction Lifecycle)', 2, 16, ' EMEA ', ' Over 100 applicants', 'Remote', 'Full-time'),
(44, 'Senior Software Engineer Backend/AI', 2, 17, ' EMEA ', ' Over 100 applicants', 'Remote', 'Full-time'),
(45, 'Software Developer, Senior (CA)', 2, 18, ' Tunis', ' 30 applicants', 'Hybrid', 'Full-time'),
(46, 'Testeur Logiciel / Ingénieur Qualification Logiciel Senior F/H - Télétravail', 2, 19, ' Tunisia ', ' 41 applicants', 'Remote', 'Full-time'),
(47, 'Senior Full-Stack developer', 3, 20, ' Tunisia ', ' Over 100 applicants', 'Remote', 'Full-time'),
(48, 'Ingénieur Développement Full Stack JS Senior (F/H)', 3, 21, ' Tunis', ' Over 100 applicants', 'On-site', 'Full-time'),
(49, 'TWT : Développeur Fullstack Java /Rest API/ spring boot/Vue.JS (H/F)', 3, 22, ' Tunis', ' Over 100 applicants', 'Hybrid', 'Full-time'),
(51, 'Senior Full Stack Engineer - Tunisia', 3, 8, ' Tunisia ', ' Over 100 applicants', 'Remote', 'Full-time'),
(52, 'Senior Full Stack Web Developer', 3, 23, ' EMEA ', ' Over 100 applicants', 'Remote', 'Full-time'),
(53, 'Lead Développeur Full-stack - PHP / Vue.js', 3, 24, ' Tunis', ' 16 applicants', 'Hybrid', 'Full-time'),
(54, 'Senior Full-Stack Engineer - Product', 3, 25, ' EMEA ', ' 51 applicants', 'Remote', 'Full-time'),
(55, 'Python Fullstack Developer', 3, 3, ' EMEA ', ' Over 100 applicants', 'Remote', 'Full-time'),
(56, 'Lead Full Stack Engineer', 3, 26, ' EMEA ', ' Over 100 applicants', 'Remote', 'Full-time'),
(57, 'Senior Fullstack Engineer (Stunts)', 3, 16, ' EMEA ', ' Over 100 applicants', 'Remote', 'Full-time'),
(58, 'Senior Full Stack Enablement Engineer', 3, 16, ' EMEA ', ' Over 100 applicants', 'Remote', 'Full-time'),
(59, 'Senior Fullstack Developer NodeJs / ReactJs - Remote', 3, 27, ' Tunis', ' 96 applicants', 'Remote', 'Full-time'),
(60, 'Développeur Full Stack Senior - Springboot Angular', 3, 28, ' Ḥalq al-Wādī', ' Over 100 applicants', 'Hybrid', 'Full-time'),
(61, 'Senior Full Stack Engineer – Full Remote Friendly', 3, 29, ' Tunisia ', ' 7 applicants', 'Remote', 'Full-time'),
(62, 'Développeurs Full-stack Java / Javascript (F/H)', 3, 30, ' Tunis', ' Over 100 applicants', 'On-site', 'Full-time'),
(63, 'Senior Full Stack Java Developer', 3, 31, ' Tunis', ' 35 applicants', 'On-site', 'Full-time'),
(64, 'Senior Full Stack Java Developer - Remote', 3, 31, ' Tunis', ' 82 applicants', 'Remote', 'Full-time'),
(65, 'Senior Full-Stack developer', 4, 20, ' Tunisia ', ' Over 100 applicants', 'Remote', 'Full-time'),
(66, 'Ingénieur système infrastructure', 4, 32, ' Tunis', ' 99 applicants', 'On-site', 'Full-time'),
(67, 'Data Engineer Lead Solution', 4, 24, ' Tunis', ' 41 applicants', 'Hybrid', 'Full-time'),
(68, 'Data & Analytics Engineer', 4, 33, ' Tunis', ' Over 100 applicants', 'Hybrid', 'Full-time'),
(69, 'Senior Software Support L1/L2', 4, 34, ' Tunis', ' 92 applicants', 'On-site', 'Full-time'),
(70, 'Ingénieur en développement Senior', 4, 21, ' Tunis', ' Over 100 applicants', 'Hybrid', 'Full-time'),
(71, 'Senior Machine learning Engineer', 4, 24, ' Tunis', ' Over 100 applicants', 'Hybrid', 'Full-time'),
(72, 'Senior .Net SQL Developer', 4, 34, ' Tunis', ' 69 applicants', 'Hybrid', 'Full-time'),
(73, 'Ingénieur Développement Java Confirmé – Tunis', 4, 35, ' Tunis', ' Over 100 applicants', 'Hybrid', 'Full-time'),
(74, 'Ingénieur Développement Java Senior - Tunis', 4, 35, ' Tunis', ' 20 applicants', 'Hybrid', 'Full-time'),
(75, 'Application Security Engineer', 4, 24, ' Tunis', ' 40 applicants', 'Hybrid', 'Full-time'),
(76, 'Intermediate Java/JEE Developer (H/F)', 4, 36, ' Tunis', ' Over 100 applicants', 'Hybrid', 'Full-time'),
(77, 'Ingénieur Développement Full Stack JS Senior (F/H)', 4, 21, ' Tunis', ' Over 100 applicants', 'On-site', 'Full-time'),
(78, 'Développeur Python Junior (H/F)', 4, 37, ' Tunis', ' Over 100 applicants', 'On-site', 'Full-time'),
(79, 'Développeur PL/SQL & Talend', 4, 38, ' Tunis', ' Over 100 applicants', 'On-site', 'Full-time'),
(80, 'DataOps Engineer', 4, 24, ' Tunis', ' 54 applicants', 'Hybrid', 'Full-time'),
(81, 'Software Engineer I', 4, 39, ' Ariana', ' Over 100 applicants', 'On-site', 'Full-time'),
(82, 'Ingénieur Développement JAVA', 4, 21, ' Tunis', ' Over 100 applicants', 'On-site', 'Full-time'),
(83, 'Software Engineer', 4, 9, ' EMEA ', ' Over 100 applicants', 'Remote', 'Full-time'),
(84, 'Ingénieur Développement DataWarehouse - Tunis', 4, 35, ' Tunis', ' 28 applicants', 'On-site', 'Full-time'),
(85, 'Continuous Integration Engineer', 4, 39, ' Ariana', ' 80 applicants', 'Hybrid', 'Full-time'),
(86, 'Leadtech Full-Stack', 4, 40, ' Tunis', ' 31 applicants', 'Hybrid', 'Full-time'),
(87, 'Ingénieur développement Python - F/H', 4, 41, ' Le Kram', ' Over 100 applicants', 'On-site', 'Full-time'),
(88, 'Développeur .NET Senior', 4, 34, ' Tunis', ' 56 applicants', 'On-site', 'Full-time'),
(89, 'TWT : Développeur Fullstack Java /Rest API/ spring boot/Vue.JS (H/F)', 4, 22, ' Tunis', ' Over 100 applicants', 'Hybrid', 'Full-time'),
(90, 'Test Engineer (Capital Domain) | For KSA', 4, 42, ' Tunisia ', ' Over 100 applicants', 'Remote', 'Full-time'),
(91, 'Senior Data Engineer', 4, 24, ' Tunis', ' 12 applicants', 'Hybrid', 'Full-time'),
(92, 'Data Viz Engineer PowerBI', 4, 24, ' Tunis', ' Over 100 applicants', 'Hybrid', 'Full-time'),
(93, 'Software Engineer', 4, 9, ' EMEA ', ' Over 100 applicants', 'Remote', 'Full-time'),
(94, 'Software Test Engineer', 4, 32, ' Tunis', ' Over 100 applicants', 'On-site', 'Full-time'),
(95, 'Data Engineer (Microsoft Azure)', 4, 24, ' Tunis', ' Over 100 applicants', 'Hybrid', 'Full-time'),
(96, 'AWS Cloud Engineer', 4, 24, ' Tunis', ' 97 applicants', 'Hybrid', 'Full-time'),
(97, 'C++ Software Engineer', 4, 39, ' Ariana', ' Over 100 applicants', 'On-site', 'Full-time'),
(99, 'Software Engineer I', 4, 39, ' Ariana', ' 40 applicants', 'Hybrid', 'Full-time'),
(100, 'Mid-Level Node.js Backend Engineer', 4, 43, ' EMEA ', ' Over 100 applicants', 'Remote', 'Full-time'),
(101, 'Senior QA Automation Engineer - Cypress knowledge', 4, 32, ' Tunis', ' 33 applicants', 'Hybrid', 'Full-time'),
(102, 'Javascript Developer', 4, 9, ' EMEA ', ' Over 100 applicants', 'Remote', 'Full-time'),
(103, 'Consultant Devops H/F', 4, 21, ' Tunis', ' Over 100 applicants', 'On-site', 'Full-time'),
(104, 'Ingénieur BI - PowerBI H/F', 4, 21, ' Tunis', ' Over 100 applicants', 'On-site', 'Full-time'),
(105, 'Ingénieur développement embarqué - F/H', 4, 41, ' Le Kram', ' Over 100 applicants', 'On-site', 'Full-time'),
(106, 'Développeur .NET Senior', 4, 34, ' Tunis', ' 12 applicants', 'Hybrid', 'Full-time'),
(107, 'Développeur', 4, 44, ' Sousse', ' 44 applicants', 'On-site', 'Contract (matches your work preference)'),
(109, 'DevOps Engineer', 4, 45, ' Tunis', ' Over 100 applicants', 'Hybrid', 'Full-time'),
(110, 'DevOps Engineer', 4, 45, ' Tunis', ' Over 100 applicants', 'Hybrid', 'Full-time'),
(111, 'Security and Infrastructure Engineer', 4, 38, ' Tunis', ' Over 100 applicants', 'Hybrid', 'Full-time'),
(112, 'Open Source Developer - Cairo', 4, 46, ' EMEA ', ' Over 100 applicants', 'Remote', 'Full-time'),
(113, 'Software Developer Travel Solutions', 4, 47, ' Tunis', ' 60 applicants', 'Hybrid', 'Full-time'),
(114, 'Senior Back End Developer', 4, 48, ' Tunis', ' 34 applicants', 'Hybrid', 'Full-time'),
(115, 'Software Engineer', 4, 9, ' EMEA ', ' Over 100 applicants', 'Remote', 'Full-time'),
(116, 'Senior Full Stack Engineer - Tunisia', 4, 8, ' Tunisia ', ' Over 100 applicants', 'Remote', 'Full-time'),
(117, 'Senior Frontend Engineer', 4, 49, ' EMEA ', ' Over 100 applicants', 'Remote', 'Full-time'),
(118, 'Senior Software Engineer - Tunisia', 4, 8, ' Tunisia ', ' Over 100 applicants', 'Remote', 'Full-time'),
(119, 'Ruby on Rails Developer', 4, 9, ' EMEA ', ' Over 100 applicants', 'Remote', 'Full-time'),
(120, 'Formateur en Java JEE', 4, 50, ' Tunisia ', ' 43 applicants', 'Remote', 'Contract (matches your work preference)'),
(121, 'Lead Développeur Angular', 4, 24, ' Tunis', ' 11 applicants', 'Hybrid', 'Full-time'),
(122, 'Lead Développeur Full-stack - PHP / Vue.js', 4, 24, ' Tunis', ' 16 applicants', 'Hybrid', 'Full-time'),
(123, 'Lead Développeur - Expert en Design System', 4, 24, ' Tunis', ' 4 applicants', 'Hybrid', 'Full-time'),
(124, 'AI Engineer - Chatbot', 4, 23, ' EMEA ', ' Over 100 applicants', 'Remote', 'Full-time'),
(125, 'DataOps Engineer', 4, 24, ' Tunis', ' 1 applicant', 'Hybrid', 'Full-time'),
(126, 'Continuous Integration senior developer', 4, 51, ' Tunis', ' 34 applicants', 'On-site', 'Full-time'),
(129, 'Python Developer', 4, 52, ' EMEA ', ' Over 100 applicants', 'Remote', 'Full-time'),
(130, 'Backend Engineer', 4, 53, ' EMEA ', ' Over 100 applicants', 'Remote', 'Full-time'),
(131, 'Python Software Engineer - Ubuntu Hardware Certification Team', 4, 5, ' EMEA ', ' Over 100 applicants', 'Remote', 'Full-time'),
(132, 'Software Engineer (Analytics/AI)', 4, 54, ' EMEA ', ' 98 applicants', 'Remote', 'Full-time'),
(133, 'Software Engineer (Consensys Staking)', 4, 16, ' EMEA ', ' Over 100 applicants', 'Remote', 'Contract (matches your work preference)'),
(134, 'Senior Software Engineer', 4, 13, ' EMEA ', ' Over 100 applicants', 'Remote', 'Full-time'),
(135, 'Senior Developer (Python + AI)', 4, 3, ' EMEA ', ' Over 100 applicants', 'Remote', 'Full-time'),
(136, 'Software Engineer - Immutable Ubuntu Desktop', 4, 5, ' EMEA ', ' 94 applicants', 'Remote', 'Full-time'),
(137, 'Developer Experience Engineer', 4, 11, ' EMEA ', ' Over 100 applicants', 'Remote', 'Full-time'),
(139, 'Graph Data Engineer', 4, 55, ' EMEA ', ' Over 100 applicants', 'Remote', 'Full-time'),
(140, 'Développeur AUTOSAR confirmé', 4, 51, ' Sfax', ' 49 applicants', 'On-site', 'Full-time'),
(142, 'Python Developer', 4, 52, ' EMEA ', ' Over 100 applicants', 'Remote', 'Full-time'),
(143, 'Python Fullstack Developer', 4, 3, ' EMEA ', ' Over 100 applicants', 'Remote', 'Full-time'),
(144, 'Backend Engineer', 4, 53, ' EMEA ', ' Over 100 applicants', 'Remote', 'Full-time'),
(145, 'Web Developer', 4, 5, ' EMEA ', ' Over 100 applicants', 'Remote', 'Full-time'),
(146, 'Coders - AI Training [Remote]', 4, 23, ' EMEA ', ' Over 100 applicants', 'Remote', 'Full-time'),
(147, 'Software Engineer - Digital Workplace', 4, 5, ' EMEA ', ' Over 100 applicants', 'Remote', 'Full-time'),
(148, 'Python Software Engineer - Ubuntu Hardware Certification Team', 4, 5, ' EMEA ', ' Over 100 applicants', 'Remote', 'Full-time'),
(149, 'Software Engineer (Analytics/AI)', 4, 54, ' EMEA ', ' 98 applicants', 'Remote', 'Full-time'),
(150, 'Software Engineer (Consensys Staking)', 4, 16, ' EMEA ', ' Over 100 applicants', 'Remote', 'Contract (matches your work preference)'),
(151, 'Senior Software Engineer', 4, 13, ' EMEA ', ' Over 100 applicants', 'Remote', 'Full-time'),
(152, 'Senior Developer (Python + AI)', 4, 3, ' EMEA ', ' Over 100 applicants', 'Remote', 'Full-time'),
(153, 'Consulting Engineer', 4, 56, ' EMEA ', ' Over 100 applicants', 'Remote', 'Full-time'),
(154, 'Data Engineer @ b.telligent GmbH & Co. KG', 4, 57, ' EMEA ', ' Over 100 applicants', 'Remote', 'Full-time'),
(155, 'Software Engineer, Telemetry', 4, 5, ' EMEA ', ' Over 100 applicants', 'Remote', 'Full-time'),
(156, 'Systems Integrations Software Engineer', 4, 5, ' EMEA ', ' Over 100 applicants', 'Remote', 'Full-time'),
(157, 'Software Engineer - Immutable Ubuntu Desktop', 4, 5, ' EMEA ', ' 94 applicants', 'Remote', 'Full-time'),
(158, 'Angular Developer (Elastic Team Community)', 4, 58, ' EMEA ', ' Over 100 applicants', 'Remote', 'Contract (matches your work preference)'),
(159, 'Developer Experience Engineer', 4, 11, ' EMEA ', ' Over 100 applicants', 'Remote', 'Full-time'),
(160, 'Software Engineer, Commercial Systems', 4, 5, ' EMEA ', ' Over 100 applicants', 'Remote', 'Full-time'),
(161, 'Senior Fullstack Engineer (Stunts)', 4, 16, ' EMEA ', ' Over 100 applicants', 'Remote', 'Full-time'),
(162, 'Software Engineer - Industrial IoT', 4, 5, ' EMEA ', ' Over 100 applicants', 'Remote', 'Full-time'),
(163, 'FreeSWITCH Software Engineer - Remote', 4, 59, ' EMEA ', ' Over 100 applicants', 'Remote', 'Full-time'),
(165, 'Software Engineer', 4, 9, ' EMEA ', ' Over 100 applicants', 'Remote', 'Full-time'),
(166, 'Senior Data Engineer', 4, 43, ' EMEA ', ' Over 100 applicants', 'Remote', 'Full-time'),
(167, '🇹🇳 Full Remote Tunisie/France - Développeur Java/ SAP Hybris Cloud Commerce Sénior ou Confirmé', 4, 60, ' Tunis', ' 34 applicants', 'Remote', 'Full-time'),
(168, 'ML/AI - Data Scientist Engineer', 4, 23, ' EMEA ', ' Over 100 applicants', 'Remote', 'Full-time'),
(169, 'Développeur iOS', 4, 61, ' Lac 1', ' 41 applicants', 'Hybrid', 'Full-time'),
(170, 'Back-End Engineer', 4, 23, ' EMEA ', ' Over 100 applicants', 'Remote', 'Full-time'),
(171, 'Lead Full Stack Engineer', 4, 26, ' EMEA ', ' Over 100 applicants', 'Remote', 'Full-time'),
(172, 'Machine Learning Engineer', 4, 62, ' EMEA ', ' Over 100 applicants', 'Remote', 'Full-time'),
(173, 'Data Engineer', 4, 52, ' EMEA ', ' Over 100 applicants', 'Remote', 'Full-time'),
(174, 'Lead PHP Developer', 4, 63, ' EMEA ', ' Over 100 applicants', 'Remote', 'Full-time'),
(175, 'Senior Full Stack Enablement Engineer', 4, 16, ' EMEA ', ' Over 100 applicants', 'Remote', 'Full-time'),
(176, 'Senior Software Engineer (m/f/d)', 4, 15, ' EMEA ', ' Over 100 applicants', 'Remote', 'Full-time'),
(177, 'Senior Golang Engineer (Remote)', 4, 64, ' EMEA ', ' Over 100 applicants', 'Remote', 'Full-time'),
(178, 'Senior Frontend Engineer (Notifications)', 4, 16, ' EMEA ', ' Over 100 applicants', 'Remote', 'Full-time'),
(179, 'Site Reliability Engineer, EMEA', 4, 5, ' EMEA ', ' Over 100 applicants', 'Remote', 'Full-time'),
(180, 'Linux System Enablement Engineer - RISC-V', 4, 5, ' EMEA ', ' Over 100 applicants', 'Remote', 'Full-time'),
(182, 'Senior Full Stack Engineer – Full Remote Friendly', 4, 29, ' Tunisia ', ' 7 applicants', 'Remote', 'Full-time'),
(183, 'Software Quality Assurance Engineer', 4, 66, ' Tunis', ' Over 100 applicants', 'Hybrid', 'Full-time'),
(184, 'Testeur Logiciel / Ingénieur Qualification Logiciel Senior F/H - Télétravail', 4, 19, ' Tunisia ', ' 41 applicants', 'Remote', 'Full-time'),
(185, 'Java Software R&D Engineer', 4, 31, ' Tunis', ' 92 applicants', 'On-site', 'Full-time'),
(186, 'Talend Senior Developer (F/M/X)', 4, 67, ' Ariana', ' 10 applicants', 'Hybrid', 'Full-time'),
(187, 'QA Engineer', 4, 68, ' Tunis', ' 60 applicants', 'Hybrid', 'Full-time'),
(188, 'QA Engineer', 4, 68, ' Tunis', ' 60 applicants', 'Hybrid', 'Full-time'),
(189, 'Senior Software QA Engineer', 4, 31, ' Tunis', ' 14 applicants', 'On-site', 'Full-time'),
(190, 'Software Engineer', 4, 9, ' EMEA ', ' Over 100 applicants', 'Remote', 'Full-time'),
(191, 'Software Engineer', 4, 9, ' EMEA ', ' Over 100 applicants', 'Remote', 'Full-time'),
(192, 'Senior Software Engineer', 4, 9, ' EMEA ', ' Over 100 applicants', 'Remote', 'Full-time'),
(193, 'UI Engineer (Remote)', 4, 23, ' EMEA ', ' Over 100 applicants', 'Remote', 'Full-time'),
(194, 'UI Engineer (Remote)', 4, 23, ' EMEA ', ' Over 100 applicants', 'Remote', 'Full-time'),
(195, 'Software Engineer - Revit, C#, .NET', 4, 23, ' EMEA ', ' Over 100 applicants', 'Remote', 'Contract (matches your work preference)'),
(196, 'Senior Compiler Engineer', 4, 11, ' EMEA ', ' Over 100 applicants', 'Remote', 'Full-time'),
(197, 'Développeur Odoo', 4, 69, ' Tunis', ' 45 applicants', 'On-site', 'Full-time'),
(198, 'Senior Site Reliability Engineer', 4, 3, ' EMEA ', ' Over 100 applicants', 'Remote', 'Full-time'),
(199, 'Senior Backend Engineer (Golang)', 4, 70, ' EMEA ', ' Over 100 applicants', 'Remote', 'Full-time'),
(200, 'Lead Front End Engineer', 4, 71, ' EMEA ', ' Over 100 applicants', 'Remote', 'Full-time'),
(201, 'Staff Backend Engineer', 4, 16, ' EMEA ', ' Over 100 applicants', 'Remote', 'Full-time'),
(202, 'Billing System Software Engineer', 4, 5, ' EMEA ', ' Over 100 applicants', 'Remote', 'Full-time'),
(203, 'Senior Wordpress Developer (EMEA)', 4, 72, ' EMEA ', ' Over 100 applicants', 'Remote', 'Contract (matches your work preference)'),
(204, 'Technical Lead (Typescript / AWS)', 4, 58, ' EMEA ', ' Over 100 applicants', 'Remote', 'Full-time'),
(205, 'Senior Site Reliability Engineer', 4, 73, ' EMEA ', ' 40 applicants', 'Remote', 'Full-time'),
(206, 'Senior Software Engineer (Transaction Lifecycle)', 4, 16, ' EMEA ', ' Over 100 applicants', 'Remote', 'Full-time'),
(207, 'Senior Salesforce Engineer, Commercial Systems', 4, 5, ' EMEA ', ' Over 100 applicants', 'Remote', 'Full-time'),
(208, 'Senior Ubuntu Embedded IoT System Engineer', 4, 5, ' EMEA ', ' Over 100 applicants', 'Remote', 'Full-time'),
(209, 'Senior Protocol Engineer', 4, 16, ' EMEA ', ' 40 applicants', 'Remote', 'Full-time'),
(210, 'Senior Full Stack Java Developer - Remote', 4, 31, ' Tunis', ' 82 applicants', 'Remote', 'Full-time'),
(211, 'Développeur JAVA/JEE Senior Full Remote (F/H) -Tunisie', 4, 19, ' Tunisia ', ' 68 applicants', 'Remote', 'Full-time'),
(212, 'Linux Engineer', 4, 5, ' Tunis', ' 76 applicants', 'Remote', 'Full-time'),
(213, 'Data Architect', 5, 24, ' Tunis', ' 86 applicants', 'Hybrid', 'Full-time'),
(214, 'Enterprise Data Architect', 5, 24, ' Tunis', ' 24 applicants', 'Hybrid', 'Full-time'),
(215, 'Cloud Solution Architect', 5, 24, ' Tunis', ' 25 applicants', 'Hybrid', 'Full-time'),
(216, 'G CLOUD Presales Architect', 5, 24, ' Tunis', ' 23 applicants', 'Hybrid', 'Full-time'),
(217, 'Solutions Architect - EMEA', 5, 74, ' EMEA ', ' Over 100 applicants', 'Remote', 'Full-time'),
(218, 'MW Solution Architect', 5, 75, ' Ariana', ' 9 applicants', 'On-site', 'Full-time'),
(219, 'Partner Solutions Architect, EMEA', 5, 76, ' EMEA ', ' Over 100 applicants', 'Remote', 'Full-time'),
(220, 'Custom Solutions Architect', 5, 77, ' EMEA ', ' Over 100 applicants', 'Remote', 'Full-time'),
(221, 'Kinaxis Solution Architect', 5, 78, ' EMEA ', ' Over 100 applicants', 'Remote', 'Full-time'),
(222, 'Architecte Solution Logicielle', 5, 28, ' Ḥalq al-Wādī', ' 53 applicants', 'Hybrid', 'Full-time'),
(223, 'INGENIEUR.E DEVELOPPEMENT AUTOMATISME H/F', 6, 41, ' Tunis', ' 59 applicants', 'On-site', 'Full-time'),
(224, 'INGENIEUR.E DEVELOPPEMENT AUTOMATISME H/F', 6, 41, ' Tunis', ' Over 100 applicants', 'On-site', 'Full-time'),
(225, 'INGENIEUR.E DEVELOPPEMENT AUTOMATISME H/F', 6, 41, ' Tunis', ' 50 applicants', 'On-site', 'Full-time'),
(226, 'INGENIEUR.E DEVELOPPEMENT AUTOMATISME H/F', 6, 41, ' Tunis', ' 48 applicants', 'On-site', 'Full-time'),
(227, 'Automation & Security Engineer', 6, 23, ' EMEA ', ' Over 100 applicants', 'Remote', 'Full-time'),
(228, 'Technical Services Consultant', 7, 34, ' Tunis', ' 37 applicants', 'Hybrid', 'Full-time'),
(229, 'Consultant senior en processus IT Service Management - N PLATFORM', 7, 24, ' Tunis', ' Over 100 applicants', 'Hybrid', 'Full-time'),
(230, 'Technical Services Consultant', 7, 34, ' Tunis', ' 52 applicants', 'On-site', 'Full-time'),
(231, 'Technology Advisor', 7, 23, ' EMEA ', ' Over 100 applicants', 'Remote', 'Full-time'),
(232, 'Expert CMDB / ITOM Consultant, Permanent contract', 7, 24, ' Tunis', ' 0 applicants', 'Hybrid', 'Full-time'),
(233, 'Consultant, JDE Managed Services - Functional Distribution / EMEA', 7, 79, ' EMEA ', ' 42 applicants', 'Remote', 'Contract (matches your work preference)'),
(234, 'Technical Support Engineer, Priority Team (German Language)', 8, 80, ' Tunis', ' 50 applicants', 'Full-time', 'Contract (matches your work preference)'),
(235, 'Technical Support Engineer Senior', 8, 39, ' Ariana', ' 46 applicants', 'On-site', 'Full-time'),
(236, 'Technical Support Engineer I', 8, 39, ' Ariana', ' Over 100 applicants', 'Hybrid', 'Full-time'),
(237, 'Technical Support Engineer II', 8, 39, ' Ariana', ' Over 100 applicants', 'On-site', 'Full-time'),
(238, 'Operations Support Engineer', 8, 81, ' Tunis', ' 50 applicants', 'On-site', 'Full-time'),
(239, 'Technical Customer Support Advocate', 8, 53, ' EMEA ', ' Over 100 applicants', 'Remote', 'Full-time'),
(240, 'Senior Support & Software Engineer, Saudi Arabia', 8, 5, ' EMEA ', ' Over 100 applicants', 'Remote', 'Full-time'),
(241, 'Linux Desktop Support Engineer (Remote - EMEA)', 8, 5, ' EMEA ', ' Over 100 applicants', 'Remote', 'Full-time'),
(242, 'Client IT Support Engineer', 8, 31, ' Tunis', ' 62 applicants', 'On-site', 'Full-time');

-- --------------------------------------------------------

--
-- Table structure for table `job_skills`
--

CREATE TABLE `job_skills` (
  `job_id` int(11) NOT NULL,
  `skill_id` int(11) NOT NULL
) ENGINE=InnoDB DEFAULT CHARSET=utf8mb4 COLLATE=utf8mb4_general_ci;

--
-- Dumping data for table `job_skills`
--

INSERT INTO `job_skills` (`job_id`, `skill_id`) VALUES
(1, 1),
(1, 2),
(1, 3),
(1, 4),
(1, 5),
(1, 6),
(1, 7),
(1, 8),
(1, 9),
(1, 10),
(2, 3),
(2, 11),
(2, 12),
(2, 13),
(2, 14),
(2, 15),
(2, 16),
(2, 17),
(2, 18),
(2, 19),
(3, 20),
(3, 21),
(3, 22),
(3, 23),
(3, 24),
(3, 25),
(3, 26),
(3, 27),
(3, 28),
(3, 29),
(4, 3),
(4, 30),
(4, 31),
(4, 32),
(4, 33),
(4, 34),
(5, 7),
(5, 34),
(5, 35),
(5, 36),
(5, 37),
(5, 38),
(5, 39),
(5, 40),
(5, 41),
(5, 42),
(6, 16),
(6, 21),
(6, 42),
(6, 43),
(6, 44),
(6, 45),
(6, 46),
(6, 47),
(6, 48),
(6, 49),
(7, 1),
(7, 2),
(7, 34),
(7, 37),
(7, 38),
(7, 39),
(7, 47),
(7, 50),
(7, 51),
(7, 52),
(8, 21),
(8, 47),
(8, 48),
(8, 53),
(8, 54),
(8, 55),
(8, 56),
(8, 57),
(8, 58),
(8, 59),
(9, 3),
(9, 9),
(9, 19),
(9, 46),
(9, 60),
(9, 61),
(9, 62),
(9, 63),
(9, 64),
(9, 65),
(10, 1),
(10, 21),
(10, 30),
(10, 36),
(10, 40),
(10, 66),
(10, 67),
(10, 68),
(10, 69),
(10, 70),
(11, 1),
(11, 2),
(11, 34),
(11, 37),
(11, 38),
(11, 39),
(11, 47),
(11, 51),
(11, 71),
(11, 72),
(12, 13),
(12, 34),
(12, 36),
(12, 37),
(12, 38),
(12, 51),
(12, 68),
(12, 73),
(12, 74),
(12, 75),
(13, 1),
(13, 3),
(13, 53),
(13, 54),
(13, 55),
(13, 76),
(13, 77),
(13, 78),
(13, 79),
(13, 80),
(14, 1),
(14, 34),
(14, 38),
(14, 40),
(14, 81),
(14, 82),
(14, 83),
(14, 84),
(14, 85),
(14, 86),
(15, 1),
(15, 34),
(15, 37),
(15, 38),
(15, 39),
(15, 47),
(15, 51),
(15, 71),
(15, 72),
(15, 87),
(16, 7),
(16, 21),
(16, 47),
(16, 53),
(16, 54),
(16, 56),
(16, 57),
(16, 59),
(16, 88),
(16, 89),
(17, 1),
(17, 2),
(17, 3),
(17, 76),
(17, 89),
(17, 90),
(17, 91),
(17, 92),
(17, 93),
(17, 94),
(18, 21),
(18, 47),
(18, 53),
(18, 54),
(18, 55),
(18, 56),
(18, 59),
(18, 77),
(18, 88),
(18, 95),
(19, 16),
(19, 21),
(19, 66),
(19, 96),
(19, 97),
(19, 98),
(19, 99),
(19, 100),
(19, 101),
(19, 102),
(20, 7),
(20, 36),
(20, 37),
(20, 38),
(20, 98),
(20, 99),
(20, 101),
(20, 103),
(20, 104),
(20, 105),
(21, 1),
(21, 43),
(21, 106),
(21, 107),
(21, 108),
(21, 109),
(21, 110),
(21, 111),
(21, 112),
(21, 113),
(22, 43),
(22, 49),
(22, 109),
(22, 114),
(22, 115),
(22, 116),
(22, 117),
(22, 118),
(22, 119),
(22, 120),
(23, 43),
(23, 49),
(23, 106),
(23, 115),
(23, 117),
(23, 118),
(23, 120),
(23, 121),
(23, 122),
(23, 123),
(24, 43),
(24, 49),
(24, 109),
(24, 115),
(24, 117),
(24, 118),
(24, 120),
(24, 124),
(24, 125),
(24, 126),
(25, 43),
(25, 49),
(25, 108),
(25, 113),
(25, 115),
(25, 117),
(25, 120),
(25, 123),
(25, 127),
(25, 128),
(26, 43),
(26, 108),
(26, 109),
(26, 114),
(26, 115),
(26, 117),
(26, 118),
(26, 119),
(26, 120),
(26, 123),
(27, 109),
(27, 117),
(27, 120),
(27, 129),
(27, 130),
(27, 131),
(27, 132),
(27, 133),
(27, 134),
(27, 135),
(28, 109),
(28, 117),
(28, 120),
(28, 132),
(28, 135),
(28, 136),
(28, 137),
(28, 138),
(28, 139),
(28, 140),
(29, 43),
(29, 114),
(29, 115),
(29, 117),
(29, 118),
(29, 120),
(29, 127),
(29, 135),
(29, 141),
(29, 142),
(30, 43),
(30, 109),
(30, 114),
(30, 115),
(30, 117),
(30, 118),
(30, 120),
(30, 123),
(30, 127),
(30, 142),
(31, 43),
(31, 49),
(31, 109),
(31, 115),
(31, 117),
(31, 118),
(31, 120),
(31, 133),
(31, 143),
(31, 144),
(33, 1),
(33, 109),
(33, 115),
(33, 149),
(33, 150),
(33, 151),
(33, 152),
(33, 153),
(33, 154),
(33, 155),
(35, 156),
(36, 108),
(36, 113),
(36, 115),
(36, 116),
(36, 127),
(36, 128),
(36, 149),
(36, 157),
(36, 158),
(36, 159),
(37, 109),
(37, 148),
(37, 160),
(37, 161),
(37, 162),
(37, 163),
(38, 1),
(38, 109),
(38, 149),
(38, 160),
(38, 164),
(38, 165),
(38, 166),
(39, 109),
(39, 153),
(39, 167),
(39, 168),
(40, 109),
(40, 149),
(40, 153),
(40, 160),
(40, 169),
(40, 170),
(40, 171),
(40, 172),
(41, 109),
(41, 133),
(41, 149),
(41, 153),
(41, 173),
(41, 174),
(41, 175),
(41, 176),
(41, 177),
(41, 178),
(42, 1),
(42, 49),
(42, 110),
(42, 157),
(42, 179),
(42, 180),
(42, 181),
(42, 182),
(42, 183),
(42, 184),
(43, 162),
(43, 165),
(43, 185),
(44, 109),
(44, 113),
(44, 114),
(44, 116),
(44, 149),
(44, 152),
(44, 186),
(44, 187),
(44, 188),
(44, 189),
(45, 107),
(45, 109),
(45, 114),
(45, 118),
(45, 128),
(45, 133),
(45, 149),
(45, 153),
(45, 160),
(45, 190),
(46, 24),
(46, 191),
(46, 192),
(46, 193),
(46, 194),
(46, 195),
(46, 196),
(46, 197),
(46, 198),
(46, 199),
(47, 43),
(47, 108),
(47, 127),
(47, 142),
(47, 157),
(47, 200),
(47, 201),
(47, 202),
(47, 203),
(47, 204),
(48, 18),
(48, 43),
(48, 113),
(48, 128),
(48, 148),
(48, 157),
(48, 205),
(48, 206),
(48, 207),
(48, 208),
(49, 143),
(49, 173),
(49, 201),
(49, 209),
(49, 210),
(49, 211),
(49, 212),
(49, 213),
(49, 214),
(49, 215),
(51, 1),
(51, 109),
(51, 111),
(51, 112),
(51, 115),
(51, 209),
(51, 216),
(51, 217),
(51, 218),
(51, 219),
(52, 43),
(52, 113),
(52, 114),
(52, 118),
(52, 149),
(52, 209),
(52, 220),
(52, 221),
(52, 222),
(52, 223),
(53, 115),
(53, 124),
(53, 149),
(53, 153),
(53, 210),
(53, 224),
(53, 225),
(53, 226),
(53, 227),
(53, 228),
(54, 1),
(54, 107),
(54, 113),
(54, 114),
(54, 149),
(54, 201),
(54, 209),
(54, 219),
(54, 229),
(54, 230),
(55, 27),
(55, 78),
(55, 113),
(55, 115),
(55, 116),
(55, 149),
(55, 180),
(55, 209),
(55, 231),
(55, 232),
(56, 1),
(56, 112),
(56, 113),
(56, 115),
(56, 149),
(56, 157),
(56, 181),
(56, 233),
(56, 234),
(56, 235),
(57, 43),
(57, 108),
(57, 113),
(57, 127),
(57, 135),
(57, 141),
(57, 149),
(57, 236),
(57, 237),
(57, 238),
(58, 110),
(58, 113),
(58, 149),
(58, 157),
(58, 159),
(58, 165),
(58, 179),
(58, 239),
(58, 240),
(58, 241),
(59, 43),
(59, 108),
(59, 113),
(59, 115),
(59, 116),
(59, 127),
(59, 149),
(59, 202),
(59, 209),
(59, 242),
(60, 128),
(60, 144),
(60, 149),
(60, 166),
(60, 215),
(60, 243),
(60, 244),
(60, 245),
(60, 246),
(60, 247),
(61, 109),
(61, 128),
(61, 149),
(61, 160),
(61, 200),
(61, 248),
(61, 249),
(61, 250),
(61, 251),
(61, 252),
(62, 43),
(62, 116),
(62, 133),
(62, 153),
(62, 194),
(62, 224),
(62, 253),
(62, 254),
(62, 255),
(62, 256),
(63, 110),
(63, 128),
(63, 144),
(63, 190),
(63, 214),
(63, 257),
(63, 258),
(63, 259),
(63, 260),
(63, 261),
(64, 110),
(64, 128),
(64, 144),
(64, 190),
(64, 214),
(64, 257),
(64, 258),
(64, 259),
(64, 260),
(64, 261),
(65, 43),
(65, 108),
(65, 127),
(65, 142),
(65, 157),
(65, 200),
(65, 201),
(65, 202),
(65, 203),
(65, 204),
(66, 116),
(66, 262),
(67, 45),
(67, 263),
(67, 264),
(67, 265),
(67, 266),
(67, 267),
(67, 268),
(67, 269),
(67, 270),
(67, 271),
(68, 44),
(68, 49),
(68, 269),
(68, 272),
(69, 1),
(69, 49),
(69, 115),
(69, 180),
(69, 243),
(69, 273),
(69, 274),
(69, 275),
(69, 276),
(69, 277),
(70, 144),
(70, 278),
(71, 109),
(71, 231),
(71, 279),
(71, 280),
(71, 281),
(71, 282),
(71, 283),
(71, 284),
(71, 285),
(71, 286),
(72, 110),
(72, 112),
(72, 146),
(72, 160),
(72, 201),
(72, 243),
(72, 287),
(72, 288),
(72, 289),
(72, 290),
(73, 114),
(73, 118),
(73, 133),
(73, 273),
(73, 291),
(73, 292),
(73, 293),
(73, 294),
(73, 295),
(73, 296),
(74, 43),
(74, 49),
(74, 114),
(74, 133),
(74, 227),
(74, 293),
(74, 295),
(74, 297),
(74, 298),
(74, 299),
(75, 1),
(75, 110),
(75, 194),
(75, 300),
(75, 301),
(75, 302),
(75, 303),
(75, 304),
(75, 305),
(75, 306),
(76, 133),
(76, 307),
(76, 308),
(76, 309),
(76, 310),
(76, 311),
(76, 312),
(76, 313),
(76, 314),
(76, 315),
(77, 18),
(77, 43),
(77, 113),
(77, 128),
(77, 148),
(77, 157),
(77, 205),
(77, 206),
(77, 207),
(77, 208),
(78, 112),
(78, 153),
(78, 212),
(78, 243),
(78, 264),
(78, 316),
(78, 317),
(78, 318),
(78, 319),
(78, 320),
(79, 24),
(79, 49),
(79, 133),
(79, 146),
(79, 160),
(79, 270),
(79, 299),
(79, 321),
(79, 322),
(79, 323),
(79, 324),
(80, 1),
(80, 166),
(80, 325),
(80, 326),
(80, 327),
(81, 109),
(81, 110),
(81, 161),
(81, 188),
(81, 328),
(81, 329),
(81, 330),
(81, 331),
(81, 332),
(81, 333),
(82, 49),
(82, 134),
(82, 145),
(82, 210),
(82, 299),
(83, 43),
(83, 49),
(83, 109),
(83, 115),
(83, 116),
(83, 117),
(83, 119),
(83, 120),
(83, 123),
(83, 334),
(84, 49),
(84, 224),
(84, 242),
(84, 267),
(84, 269),
(84, 270),
(84, 297),
(84, 335),
(84, 336),
(84, 337),
(85, 161),
(85, 338),
(85, 339),
(85, 340),
(86, 108),
(86, 116),
(86, 127),
(86, 218),
(86, 316),
(86, 341),
(86, 342),
(87, 116),
(87, 133),
(88, 43),
(88, 114),
(88, 118),
(89, 143),
(89, 173),
(89, 201),
(89, 209),
(89, 210),
(89, 211),
(89, 212),
(89, 213),
(89, 214),
(89, 215),
(90, 197),
(90, 343),
(91, 1),
(91, 243),
(91, 263),
(91, 267),
(91, 269),
(91, 344),
(91, 345),
(92, 263),
(92, 271),
(92, 281),
(92, 345),
(92, 346),
(92, 347),
(92, 348),
(92, 349),
(92, 350),
(92, 351),
(93, 43),
(93, 49),
(93, 108),
(93, 113),
(93, 115),
(93, 117),
(93, 120),
(93, 123),
(93, 127),
(93, 128),
(94, 352),
(95, 267),
(95, 269),
(95, 289),
(95, 308),
(95, 353),
(95, 354),
(95, 355),
(95, 356),
(95, 357),
(95, 358),
(96, 171),
(96, 309),
(97, 109),
(97, 110),
(97, 161),
(97, 188),
(97, 328),
(97, 329),
(97, 330),
(97, 331),
(97, 332),
(97, 333),
(99, 49),
(99, 109),
(99, 112),
(99, 161),
(99, 224),
(99, 270),
(99, 359),
(99, 360),
(99, 361),
(99, 362),
(100, 43),
(100, 49),
(100, 107),
(100, 108),
(100, 110),
(100, 113),
(100, 127),
(100, 149),
(100, 202),
(100, 363),
(101, 191),
(101, 197),
(101, 352),
(101, 364),
(101, 365),
(101, 366),
(101, 367),
(101, 368),
(101, 369),
(101, 370),
(102, 43),
(102, 114),
(102, 115),
(102, 117),
(102, 118),
(102, 120),
(102, 123),
(102, 127),
(102, 210),
(102, 371),
(103, 24),
(103, 109),
(103, 192),
(103, 228),
(103, 325),
(103, 372),
(103, 373),
(103, 374),
(103, 375),
(103, 376),
(104, 309),
(104, 377),
(104, 378),
(105, 1),
(105, 40),
(105, 147),
(105, 253),
(105, 359),
(105, 379),
(105, 380),
(105, 381),
(105, 382),
(105, 383),
(105, 384),
(106, 43),
(106, 115),
(106, 118),
(106, 128),
(106, 146),
(106, 160),
(106, 180),
(106, 248),
(106, 385),
(106, 386),
(107, 109),
(107, 125),
(107, 153),
(107, 173),
(107, 224),
(107, 243),
(107, 328),
(107, 340),
(107, 387),
(107, 388),
(109, 148),
(109, 205),
(109, 208),
(109, 262),
(109, 295),
(109, 389),
(109, 390),
(109, 391),
(109, 392),
(109, 393),
(110, 148),
(110, 205),
(110, 208),
(110, 262),
(110, 295),
(110, 389),
(110, 390),
(110, 391),
(110, 392),
(110, 393),
(111, 394),
(111, 395),
(111, 396),
(112, 1),
(112, 109),
(112, 153),
(112, 156),
(112, 165),
(112, 397),
(112, 398),
(112, 399),
(112, 400),
(112, 401),
(113, 109),
(113, 110),
(113, 113),
(113, 133),
(113, 153),
(113, 180),
(113, 341),
(113, 402),
(114, 109),
(114, 149),
(114, 243),
(115, 43),
(115, 49),
(115, 106),
(115, 115),
(115, 117),
(115, 120),
(115, 121),
(115, 122),
(115, 123),
(115, 298),
(116, 1),
(116, 109),
(116, 111),
(116, 112),
(116, 115),
(116, 209),
(116, 216),
(116, 217),
(116, 218),
(116, 219),
(117, 1),
(117, 43),
(117, 109),
(117, 112),
(117, 114),
(117, 115),
(117, 132),
(117, 403),
(117, 404),
(117, 405),
(118, 1),
(118, 43),
(118, 106),
(118, 107),
(118, 108),
(118, 109),
(118, 110),
(118, 111),
(118, 112),
(118, 113),
(119, 43),
(119, 114),
(119, 115),
(119, 117),
(119, 118),
(119, 120),
(119, 121),
(119, 123),
(119, 217),
(119, 218),
(120, 1),
(120, 24),
(120, 133),
(120, 180),
(120, 249),
(120, 406),
(120, 407),
(120, 408),
(120, 409),
(120, 410),
(121, 1),
(121, 43),
(121, 49),
(121, 113),
(121, 128),
(121, 225),
(121, 228),
(121, 319),
(121, 411),
(121, 412),
(122, 115),
(122, 124),
(122, 149),
(122, 153),
(122, 210),
(122, 224),
(122, 225),
(122, 226),
(122, 227),
(122, 228),
(123, 43),
(123, 49),
(123, 109),
(123, 115),
(123, 128),
(123, 149),
(123, 227),
(123, 243),
(123, 413),
(123, 414),
(124, 112),
(124, 166),
(124, 231),
(124, 284),
(124, 415),
(124, 416),
(124, 417),
(124, 418),
(124, 419),
(124, 420),
(125, 1),
(126, 114),
(126, 116),
(126, 169),
(126, 421),
(126, 422),
(126, 423),
(126, 424),
(126, 425),
(126, 426),
(126, 427),
(129, 5),
(129, 116),
(129, 308),
(129, 313),
(129, 345),
(129, 428),
(129, 429),
(130, 149),
(130, 162),
(130, 201),
(130, 308),
(131, 109),
(131, 116),
(131, 153),
(131, 224),
(131, 330),
(131, 359),
(131, 430),
(131, 431),
(131, 432),
(131, 433),
(132, 109),
(132, 153),
(132, 158),
(132, 179),
(132, 231),
(132, 287),
(132, 434),
(132, 435),
(132, 436),
(132, 437),
(133, 113),
(133, 127),
(133, 165),
(133, 179),
(134, 108),
(134, 113),
(134, 115),
(134, 116),
(134, 127),
(134, 128),
(134, 149),
(134, 157),
(134, 158),
(134, 159),
(135, 27),
(135, 78),
(135, 109),
(135, 114),
(135, 116),
(135, 149),
(135, 180),
(135, 231),
(135, 243),
(135, 438),
(136, 109),
(136, 112),
(136, 116),
(136, 132),
(136, 158),
(136, 162),
(136, 213),
(136, 325),
(136, 328),
(136, 439),
(137, 109),
(137, 440),
(139, 110),
(139, 112),
(139, 243),
(139, 263),
(139, 269),
(139, 281),
(139, 347),
(139, 444),
(139, 445),
(139, 446),
(140, 116),
(140, 145),
(140, 147),
(140, 188),
(140, 225),
(140, 297),
(140, 324),
(140, 427),
(140, 447),
(140, 448),
(142, 5),
(142, 116),
(142, 308),
(142, 313),
(142, 345),
(142, 428),
(142, 429),
(143, 27),
(143, 78),
(143, 113),
(143, 115),
(143, 116),
(143, 149),
(143, 180),
(143, 209),
(143, 231),
(143, 232),
(144, 149),
(144, 162),
(144, 201),
(144, 308),
(145, 113),
(145, 115),
(145, 118),
(145, 119),
(145, 170),
(145, 226),
(145, 232),
(145, 279),
(145, 449),
(145, 450),
(146, 43),
(146, 113),
(146, 118),
(146, 146),
(146, 180),
(147, 43),
(147, 45),
(147, 114),
(147, 118),
(147, 149),
(147, 226),
(147, 243),
(147, 451),
(147, 452),
(147, 453),
(148, 109),
(148, 116),
(148, 153),
(148, 224),
(148, 330),
(148, 359),
(148, 430),
(148, 431),
(148, 432),
(148, 433),
(149, 109),
(149, 153),
(149, 158),
(149, 179),
(149, 231),
(149, 287),
(149, 434),
(149, 435),
(149, 436),
(149, 437),
(150, 113),
(150, 127),
(150, 165),
(150, 179),
(151, 108),
(151, 113),
(151, 115),
(151, 116),
(151, 127),
(151, 128),
(151, 149),
(151, 157),
(151, 158),
(151, 159),
(152, 27),
(152, 78),
(152, 109),
(152, 114),
(152, 116),
(152, 149),
(152, 180),
(152, 231),
(152, 243),
(152, 438),
(153, 1),
(153, 40),
(153, 43),
(153, 112),
(153, 133),
(153, 146),
(153, 152),
(153, 186),
(153, 189),
(153, 454),
(154, 49),
(154, 116),
(154, 133),
(154, 189),
(154, 224),
(154, 263),
(154, 345),
(154, 441),
(154, 455),
(154, 456),
(155, 110),
(155, 116),
(155, 149),
(155, 153),
(155, 173),
(155, 200),
(155, 298),
(155, 347),
(155, 457),
(156, 1),
(156, 52),
(156, 110),
(156, 180),
(156, 458),
(157, 109),
(157, 112),
(157, 116),
(157, 132),
(157, 158),
(157, 162),
(157, 213),
(157, 325),
(157, 328),
(157, 439),
(158, 43),
(158, 114),
(158, 128),
(158, 141),
(158, 157),
(158, 226),
(158, 278),
(158, 459),
(158, 460),
(158, 461),
(159, 109),
(159, 440),
(160, 1),
(160, 52),
(160, 110),
(160, 148),
(160, 149),
(160, 236),
(160, 457),
(161, 43),
(161, 108),
(161, 113),
(161, 127),
(161, 135),
(161, 141),
(161, 149),
(161, 236),
(161, 237),
(161, 238),
(162, 1),
(162, 109),
(162, 110),
(162, 147),
(162, 200),
(162, 379),
(162, 462),
(162, 463),
(162, 464),
(162, 465),
(163, 109),
(163, 147),
(163, 152),
(163, 328),
(163, 359),
(163, 466),
(163, 467),
(163, 468),
(163, 469),
(163, 470),
(165, 43),
(165, 49),
(165, 109),
(165, 115),
(165, 117),
(165, 120),
(165, 123),
(165, 133),
(165, 143),
(165, 144),
(166, 110),
(166, 202),
(166, 243),
(166, 263),
(166, 269),
(166, 445),
(166, 471),
(166, 472),
(166, 473),
(166, 474),
(167, 5),
(167, 133),
(167, 144),
(167, 475),
(167, 476),
(167, 477),
(167, 478),
(167, 479),
(167, 480),
(167, 481),
(168, 44),
(168, 45),
(168, 110),
(168, 231),
(168, 284),
(168, 418),
(168, 434),
(168, 482),
(168, 483),
(168, 484),
(169, 135),
(169, 136),
(169, 139),
(169, 140),
(169, 239),
(169, 342),
(169, 459),
(169, 485),
(169, 486),
(169, 487),
(170, 1),
(170, 149),
(170, 153),
(170, 158),
(170, 179),
(170, 200),
(170, 216),
(170, 224),
(170, 488),
(170, 489),
(171, 1),
(171, 112),
(171, 113),
(171, 115),
(171, 149),
(171, 157),
(171, 181),
(171, 233),
(171, 234),
(171, 235),
(172, 1),
(172, 45),
(172, 110),
(172, 112),
(172, 172),
(172, 280),
(172, 281),
(172, 451),
(172, 490),
(172, 491),
(173, 5),
(173, 36),
(173, 43),
(173, 49),
(173, 114),
(173, 116),
(173, 118),
(173, 345),
(173, 393),
(173, 492),
(174, 49),
(174, 124),
(174, 145),
(174, 148),
(174, 169),
(174, 200),
(174, 207),
(174, 208),
(174, 493),
(174, 494),
(175, 110),
(175, 113),
(175, 149),
(175, 157),
(175, 159),
(175, 165),
(175, 179),
(175, 239),
(175, 240),
(175, 241),
(176, 109),
(176, 133),
(176, 149),
(176, 153),
(176, 173),
(176, 174),
(176, 175),
(176, 176),
(176, 177),
(176, 178),
(177, 171),
(177, 393),
(178, 1),
(178, 43),
(178, 127),
(178, 129),
(178, 135),
(178, 140),
(178, 141),
(178, 156),
(178, 368),
(178, 487),
(179, 109),
(179, 110),
(179, 116),
(179, 177),
(179, 183),
(179, 314),
(179, 437),
(179, 495),
(180, 148),
(180, 389),
(180, 496),
(180, 497),
(180, 498),
(180, 499),
(180, 500),
(180, 501),
(180, 502),
(180, 503),
(182, 109),
(182, 128),
(182, 149),
(182, 160),
(182, 200),
(182, 248),
(182, 249),
(182, 250),
(182, 251),
(182, 252),
(183, 1),
(183, 110),
(183, 112),
(183, 352),
(183, 368),
(183, 505),
(183, 506),
(183, 507),
(183, 508),
(183, 509),
(184, 24),
(184, 191),
(184, 192),
(184, 193),
(184, 194),
(184, 195),
(184, 196),
(184, 197),
(184, 198),
(184, 199),
(185, 128),
(185, 144),
(185, 166),
(185, 190),
(185, 214),
(185, 257),
(185, 258),
(185, 259),
(185, 260),
(185, 261),
(186, 49),
(186, 166),
(186, 181),
(186, 243),
(186, 264),
(186, 272),
(186, 328),
(186, 422),
(186, 510),
(186, 511),
(187, 1),
(187, 191),
(187, 352),
(187, 368),
(187, 457),
(187, 512),
(187, 513),
(187, 514),
(187, 515),
(187, 516),
(188, 1),
(188, 191),
(188, 352),
(188, 368),
(188, 457),
(188, 512),
(188, 513),
(188, 514),
(188, 515),
(188, 516),
(189, 1),
(189, 191),
(189, 197),
(189, 215),
(189, 352),
(189, 368),
(189, 506),
(189, 517),
(189, 518),
(189, 519),
(190, 109),
(190, 117),
(190, 120),
(190, 135),
(190, 136),
(190, 137),
(190, 138),
(190, 139),
(190, 140),
(190, 298),
(191, 43),
(191, 109),
(191, 115),
(191, 117),
(191, 120),
(191, 123),
(191, 127),
(191, 135),
(191, 141),
(191, 142),
(192, 109),
(192, 117),
(192, 120),
(192, 132),
(192, 135),
(192, 136),
(192, 137),
(192, 138),
(192, 139),
(192, 140),
(193, 43),
(193, 114),
(193, 118),
(193, 127),
(193, 142),
(193, 157),
(193, 232),
(193, 311),
(193, 520),
(193, 521),
(194, 43),
(194, 114),
(194, 118),
(194, 127),
(194, 142),
(194, 157),
(194, 232),
(194, 311),
(194, 520),
(194, 521),
(195, 146),
(195, 153),
(195, 160),
(195, 169),
(195, 173),
(195, 312),
(195, 522),
(195, 523),
(195, 524),
(195, 525),
(196, 1),
(196, 109),
(196, 115),
(196, 149),
(196, 150),
(196, 151),
(196, 152),
(196, 153),
(196, 154),
(196, 155),
(197, 526),
(198, 27),
(198, 49),
(198, 109),
(198, 125),
(198, 148),
(198, 177),
(198, 179),
(198, 437),
(198, 495),
(198, 527),
(199, 112),
(199, 149),
(199, 162),
(199, 171),
(199, 180),
(199, 311),
(199, 347),
(199, 393),
(199, 528),
(199, 529),
(200, 43),
(200, 115),
(200, 210),
(200, 232),
(200, 405),
(200, 530),
(200, 531),
(201, 156),
(201, 162),
(201, 165),
(202, 1),
(202, 52),
(202, 110),
(202, 180),
(202, 331),
(202, 458),
(202, 532),
(202, 533),
(202, 534),
(202, 535),
(203, 43),
(203, 124),
(203, 536),
(204, 113),
(204, 171),
(204, 537),
(205, 167),
(205, 177),
(205, 178),
(205, 340),
(205, 495),
(205, 537),
(205, 538),
(205, 539),
(205, 540),
(205, 541),
(206, 162),
(206, 165),
(206, 185),
(207, 1),
(207, 52),
(207, 109),
(207, 110),
(207, 457),
(207, 542),
(207, 543),
(207, 544),
(207, 545),
(207, 546),
(208, 1),
(208, 116),
(208, 148),
(208, 328),
(208, 359),
(208, 497),
(208, 547),
(208, 548),
(208, 549),
(208, 550),
(209, 1),
(209, 52),
(209, 551),
(210, 110),
(210, 128),
(210, 144),
(210, 190),
(210, 214),
(210, 257),
(210, 258),
(210, 259),
(210, 260),
(210, 261),
(211, 133),
(211, 145),
(211, 157),
(211, 190),
(211, 219),
(211, 242),
(211, 552),
(211, 553),
(211, 554),
(211, 555),
(212, 1),
(212, 110),
(212, 116),
(212, 147),
(212, 158),
(212, 162),
(212, 359),
(212, 447),
(212, 556),
(212, 557),
(213, 45),
(213, 112),
(213, 242),
(213, 243),
(213, 264),
(213, 269),
(213, 272),
(213, 558),
(213, 559),
(213, 560),
(214, 1),
(214, 112),
(214, 186),
(214, 187),
(214, 264),
(214, 266),
(214, 558),
(214, 561),
(214, 562),
(214, 563),
(215, 186),
(215, 309),
(215, 345),
(215, 437),
(215, 441),
(215, 474),
(215, 564),
(215, 565),
(215, 566),
(215, 567),
(216, 40),
(216, 187),
(216, 345),
(216, 441),
(216, 454),
(216, 556),
(216, 568),
(216, 569),
(216, 570),
(216, 571),
(217, 1),
(217, 45),
(217, 110),
(217, 556),
(217, 566),
(217, 572),
(217, 573),
(217, 574),
(217, 575),
(217, 576),
(218, 1),
(218, 112),
(218, 187),
(218, 309),
(218, 426),
(218, 574),
(218, 577),
(218, 578),
(218, 579),
(218, 580),
(219, 1),
(219, 49),
(219, 264),
(219, 269),
(219, 566),
(219, 581),
(219, 582),
(219, 583),
(219, 584),
(219, 585),
(220, 180),
(220, 586),
(220, 587),
(220, 588),
(220, 589),
(220, 590),
(220, 591),
(221, 1),
(221, 43),
(221, 427),
(221, 481),
(221, 519),
(221, 555),
(221, 592),
(221, 593),
(221, 594),
(221, 595),
(222, 75),
(222, 187),
(222, 201),
(222, 330),
(222, 437),
(222, 566),
(222, 575),
(222, 596),
(222, 597),
(222, 598),
(223, 24),
(223, 109),
(223, 180),
(223, 246),
(223, 599),
(223, 600),
(223, 601),
(223, 602),
(223, 603),
(223, 604),
(224, 24),
(224, 177),
(224, 192),
(224, 246),
(224, 383),
(224, 601),
(224, 605),
(224, 606),
(224, 607),
(224, 608),
(225, 24),
(225, 177),
(225, 192),
(225, 246),
(225, 383),
(225, 601),
(225, 605),
(225, 606),
(225, 607),
(225, 608),
(226, 24),
(226, 177),
(226, 192),
(226, 246),
(226, 383),
(226, 601),
(226, 605),
(226, 606),
(226, 607),
(226, 608),
(227, 1),
(227, 300),
(227, 303),
(227, 305),
(227, 609),
(227, 610),
(227, 611),
(227, 612),
(227, 613),
(227, 614),
(228, 1),
(228, 112),
(228, 320),
(228, 340),
(228, 540),
(228, 615),
(228, 616),
(228, 617),
(228, 618),
(228, 619),
(229, 247),
(229, 620),
(229, 621),
(229, 622),
(229, 623),
(229, 624),
(229, 625),
(229, 626),
(229, 627),
(230, 1),
(230, 112),
(230, 277),
(230, 320),
(230, 340),
(230, 528),
(230, 616),
(230, 617),
(230, 619),
(230, 628),
(231, 1),
(231, 629),
(231, 630),
(232, 1),
(232, 47),
(232, 110),
(232, 112),
(232, 186),
(232, 578),
(232, 626),
(232, 631),
(232, 632),
(232, 633),
(233, 52),
(233, 112),
(233, 634),
(233, 635),
(233, 636),
(233, 637),
(233, 638),
(233, 639),
(233, 640),
(233, 641),
(234, 340),
(234, 642),
(234, 643),
(234, 644),
(234, 645),
(234, 646),
(234, 647),
(234, 648),
(234, 649),
(234, 650),
(235, 1),
(235, 112),
(235, 277),
(235, 327),
(235, 340),
(235, 425),
(235, 557),
(235, 651),
(235, 652),
(235, 653),
(236, 1),
(236, 277),
(236, 340),
(236, 371),
(236, 409),
(236, 654),
(236, 655),
(236, 656),
(236, 657),
(236, 658),
(237, 1),
(237, 112),
(237, 277),
(237, 327),
(237, 340),
(237, 557),
(237, 651),
(237, 652),
(237, 659),
(237, 660),
(238, 661),
(238, 662),
(238, 663),
(238, 664),
(238, 665),
(238, 666),
(238, 667),
(238, 668),
(238, 669),
(238, 670),
(239, 1),
(239, 75),
(239, 112),
(239, 277),
(239, 512),
(239, 654),
(239, 671),
(239, 672),
(239, 673),
(239, 674),
(240, 1),
(240, 49),
(240, 110),
(240, 157),
(240, 179),
(240, 180),
(240, 181),
(240, 182),
(240, 183),
(240, 184),
(241, 46),
(241, 340),
(241, 497),
(241, 498),
(241, 541),
(241, 659),
(241, 675),
(241, 676),
(241, 677),
(241, 678),
(242, 1),
(242, 52),
(242, 112),
(242, 277),
(242, 287),
(242, 340),
(242, 514),
(242, 679),
(242, 680),
(242, 681);

-- --------------------------------------------------------

--
-- Table structure for table `job_title`
--

CREATE TABLE `job_title` (
  `id` int(11) NOT NULL,
  `job_title` varchar(255) NOT NULL
) ENGINE=InnoDB DEFAULT CHARSET=utf8mb4 COLLATE=utf8mb4_general_ci;

--
-- Dumping data for table `job_title`
--

INSERT INTO `job_title` (`id`, `job_title`) VALUES
(1, 'Marketing Manager'),
(2, 'Senior Software Engineer'),
(3, 'Full Stack Engineer'),
(4, 'Software Engineer'),
(5, 'Information Technology Architect'),
(6, 'Automation Engineer'),
(7, 'Information Technology Technology'),
(8, 'Technical Support Engineer');

-- --------------------------------------------------------

--
-- Table structure for table `skills`
--

CREATE TABLE `skills` (
  `id` int(11) NOT NULL,
  `name` varchar(255) NOT NULL
) ENGINE=InnoDB DEFAULT CHARSET=utf8mb4 COLLATE=utf8mb4_general_ci;

--
-- Dumping data for table `skills`
--

INSERT INTO `skills` (`id`, `name`) VALUES
(1, 'Communication'),
(2, 'Content Strategy'),
(3, 'Digital Marketing'),
(4, 'Digital Strategy'),
(5, 'E-Commerce'),
(6, 'Keyword Research'),
(7, 'Marketing Strategy'),
(8, 'Online Marketing'),
(9, 'Social Media Marketing'),
(10, 'Web Analytics'),
(11, 'Brand Management'),
(12, 'Brand Strategy'),
(13, 'Market Analysis'),
(14, 'Market Research'),
(15, 'Marketing Campaign Plans'),
(16, 'Marketing Campaigns'),
(17, 'Media Management'),
(18, 'Multitasking'),
(19, 'Social Media Management'),
(20, 'Attention to Detail'),
(21, 'Campaigns'),
(22, 'Content Creation'),
(23, 'Full Cycle'),
(24, 'Organization Skills'),
(25, 'Pop'),
(26, 'Retention Strategies'),
(27, 'Russian'),
(28, 'Strategic Communications'),
(29, 'User Behavior'),
(30, 'B2B Marketing'),
(31, 'Google Analytics'),
(32, 'Growth Marketing'),
(33, 'Partnership Marketing'),
(34, 'Product Marketing'),
(35, 'Content Services'),
(36, 'Go-to-Market Strategy'),
(37, 'Market Planning'),
(38, 'Marketing Analytics'),
(39, 'Positioning (Marketing)'),
(40, 'Presentations'),
(41, 'Strategic Thinking'),
(42, 'Trusting Relationships'),
(43, 'JavaScript'),
(44, 'Data Analysis'),
(45, 'Data Analytics'),
(46, 'Internal Events'),
(47, 'Interpersonal Skills'),
(48, 'Performance Marketing'),
(49, 'SQL'),
(50, 'MLOps'),
(51, 'Product Launch'),
(52, 'Written Communication'),
(53, 'Affiliate Management'),
(54, 'Affiliate Marketing'),
(55, 'Affiliates'),
(56, 'AppsFlyer'),
(57, 'Arbitrage'),
(58, 'Portuguese'),
(59, 'Return on Investment'),
(60, 'Instagram'),
(61, 'Media Marketing'),
(62, 'Reddit'),
(63, 'Social Media Optimization (SMO)'),
(64, 'Twitter'),
(65, 'YouTube'),
(66, 'Brand Awareness'),
(67, 'Budgeting'),
(68, 'Business-to-Business (B2B)'),
(69, 'Key Performance Indicators'),
(70, 'Presentation Skills'),
(71, 'Launches'),
(72, 'Messaging'),
(73, 'Creative Briefs'),
(74, 'Product Strategy'),
(75, 'Software as a Service (SaaS)'),
(76, 'Ad Serving'),
(77, 'Affiliate Networks'),
(78, 'B2'),
(79, 'Hindi'),
(80, 'Marketing'),
(81, 'Blogging'),
(82, 'Case Studies'),
(83, 'Communication Training'),
(84, 'Customer Presentations'),
(85, 'Enablement'),
(86, 'Web Conferencing'),
(87, 'Competitive Landscape'),
(88, 'Onboarding'),
(89, 'Spanish'),
(90, 'Influencer Marketing'),
(91, 'Professional Courses'),
(92, 'Social Media Blogging'),
(93, 'Spanish-speaking'),
(94, 'Voice Acting'),
(95, 'Thai'),
(96, 'Branding'),
(97, 'Business Insights'),
(98, 'Field Marketing'),
(99, 'Market Segmentation'),
(100, 'Marketing Budget Management'),
(101, 'Marketing Programs'),
(102, 'Trade Shows'),
(103, 'Business Relationship Management'),
(104, 'Executive Programs'),
(105, 'Regional Marketing'),
(106, 'API Development'),
(107, 'GraphQL'),
(108, 'Node.js'),
(109, 'Software Development'),
(110, 'Computer Science'),
(111, 'High Performance Computing (HPC)'),
(112, 'Problem Solving'),
(113, 'TypeScript'),
(114, 'Cascading Style Sheets (CSS)'),
(115, 'Front-End Development'),
(116, 'Python (Programming Language)'),
(117, 'Control Systems'),
(118, 'HTML'),
(119, 'Server Side'),
(120, 'Skill Development'),
(121, 'Framework Design'),
(122, 'Laravel'),
(123, 'Workable Solutions'),
(124, 'PHP'),
(125, 'Relational Databases'),
(126, 'Magento'),
(127, 'React.js'),
(128, 'Angular'),
(129, 'Android'),
(130, 'Android Development'),
(131, 'Android Studio'),
(132, 'Code Review'),
(133, 'Java'),
(134, 'Kotlin'),
(135, 'Mobile Application Development'),
(136, 'Swift (Programming Language)'),
(137, 'SwiftUI'),
(138, 'UIKit'),
(139, 'Xcode'),
(140, 'iOS Development'),
(141, 'React Native'),
(142, 'Redux.js'),
(143, 'Java Development'),
(144, 'Spring Framework'),
(145, 'MySQL'),
(146, 'C#'),
(147, 'C++'),
(148, 'Linux'),
(149, 'Back-End Web Development'),
(150, 'Compilers'),
(151, 'LLVM'),
(152, 'Optimization'),
(153, 'Programming'),
(154, 'Vyper (Programming Language)'),
(155, 'Workload Prioritization'),
(156, 'Blockchain'),
(157, 'MongoDB'),
(158, 'Rust (Programming Language)'),
(159, 'Solidity'),
(160, '.NET Framework'),
(161, 'Computer Engineering'),
(162, 'Go (Programming Language)'),
(163, 'System Architecture'),
(164, 'Engineering Documentation'),
(165, 'Ethereum'),
(166, 'Technical Documentation'),
(167, 'System Monitoring'),
(168, 'System Operations'),
(169, 'Object-Oriented Programming (OOP)'),
(170, 'Web Applications'),
(171, 'Amazon Web Services (AWS)'),
(172, 'Mathematics'),
(173, 'Application Programming Interfaces (API)'),
(174, 'Architectural Plans'),
(175, 'Industry standards'),
(176, 'Release Management'),
(177, 'Reliability'),
(178, 'Reliability Engineering'),
(179, 'PostgreSQL'),
(180, 'English'),
(181, 'NoSQL'),
(182, 'Open-Source Software'),
(183, 'OpenStack'),
(184, 'Pacemakers'),
(185, 'Trading'),
(186, 'Analytical Skills'),
(187, 'Architecture'),
(188, 'Requirements Analysis'),
(189, 'Scala'),
(190, 'Hibernate'),
(191, 'API Testing'),
(192, 'Automation'),
(193, 'Bug Tracking'),
(194, 'Interpersonal Communication'),
(195, 'Pastry'),
(196, 'Project Teams'),
(197, 'Software Testing'),
(198, 'Test Execution'),
(199, 'Testing Process'),
(200, 'REST APIs'),
(201, 'Microservices'),
(202, 'NestJS'),
(203, 'RTK'),
(204, 'Tailwind CSS'),
(205, 'Ansible'),
(206, 'Elastic Stack (ELK)'),
(207, 'Git'),
(208, 'Jenkins'),
(209, 'Full-Stack Development'),
(210, 'Vue.js'),
(211, 'Functional Requirements'),
(212, 'Root Cause Problem Solving'),
(213, 'Software Development Methodologies'),
(214, 'Spring Boot'),
(215, 'Technical Specs'),
(216, 'Responsiveness'),
(217, 'Ruby'),
(218, 'Ruby on Rails'),
(219, 'Stack'),
(220, 'Atlassian Suite'),
(221, 'Content Management Systems (CMS)'),
(222, 'Freemarker'),
(223, 'Web Presence'),
(224, 'Programming Languages'),
(225, 'Software Architecture'),
(226, 'Web Development'),
(227, 'SOAP'),
(228, 'Team Management'),
(229, 'ClickHouse'),
(230, 'Repositories'),
(231, 'Artificial Intelligence (AI)'),
(232, 'User Interface Design'),
(233, 'MobX'),
(234, 'Redis'),
(235, 'Soft Skills'),
(236, 'Digital Authentication'),
(237, 'Prototyping'),
(238, 'Rapid Prototyping'),
(239, 'Application Development'),
(240, 'Web3'),
(241, 'web3.js'),
(242, 'Database Management System (DBMS)'),
(243, 'Databases'),
(244, 'Costings'),
(245, 'OpenShift'),
(246, 'Technology Intelligence'),
(247, 'Writing'),
(248, '.NET Core'),
(249, 'Object-oriented Languages'),
(250, 'Product Design'),
(251, 'UX Research'),
(252, 'User Requirements'),
(253, 'Computing'),
(254, 'Independence'),
(255, 'Retrospectives'),
(256, 'Sprint Planning'),
(257, 'Batch Processing'),
(258, 'Jakarta Persistence'),
(259, 'Spring Batch'),
(260, 'Spring Integration'),
(261, 'Spring Security'),
(262, 'Bash'),
(263, 'Data Engineering'),
(264, 'Data Modeling'),
(265, 'Data Storage'),
(266, 'Data Strategies'),
(267, 'Data Warehousing'),
(268, 'ETL Tools'),
(269, 'Extract, Transform, Load (ETL)'),
(270, 'PL/SQL'),
(271, 'Snowflake'),
(272, 'Data Integration'),
(273, 'Application Servers'),
(274, 'Business Requirements'),
(275, 'Issue Management'),
(276, 'Service-Level Agreements (SLA)'),
(277, 'Technical Support'),
(278, 'Bootstrap (Framework)'),
(279, 'Version Control'),
(280, 'Data Mining'),
(281, 'Data Science'),
(282, 'Keras'),
(283, 'Machine Learning'),
(284, 'Pattern Recognition'),
(285, 'Scikit-Learn'),
(286, 'TensorFlow'),
(287, 'Jira'),
(288, 'N-tier'),
(289, 'SQL Server Analysis Services (SSAS)'),
(290, 'Stored Procedures'),
(291, 'Data Management'),
(292, 'Financial Markets'),
(293, 'JBoss Application Server'),
(294, 'Scrum'),
(295, 'Tomcat'),
(296, 'WebSphere'),
(297, 'Microsoft SQL Server'),
(298, 'Representational State Transfer (REST)'),
(299, 'Oracle Database'),
(300, 'Application Security'),
(301, 'Ethical Hacking'),
(302, 'Information Security'),
(303, 'Network Security'),
(304, 'OWASP'),
(305, 'Vulnerability Assessment'),
(306, 'Vulnerability Management'),
(307, 'Apache'),
(308, 'Apache Kafka'),
(309, 'Cloud Computing'),
(310, 'Continuous Integration (CI)'),
(311, 'Continuous Integration and Continuous Delivery (CI/CD)'),
(312, 'Design Patterns'),
(313, 'Docker Products'),
(314, 'Kubernetes'),
(315, 'Object Oriented Design'),
(316, 'Django'),
(317, 'Alteryx'),
(318, 'Data Manipulation'),
(319, 'GxP'),
(320, 'Open Mind'),
(321, 'Agile Methodologies'),
(322, 'High Level Of Accuracy'),
(323, 'Talend'),
(324, 'Unit Testing'),
(325, 'Containerization'),
(326, 'Key Management'),
(327, 'Secure Shell (SSH)'),
(328, 'Debugging'),
(329, 'Enterprise Solution Design'),
(330, 'Software Design'),
(331, 'System Development'),
(332, 'Technical Requirements'),
(333, 'Technical Solution Design'),
(334, 'SQLite'),
(335, 'DWH'),
(336, 'Database Triggers'),
(337, 'Sybase Products'),
(338, 'Artifactory'),
(339, 'Groovy'),
(340, 'Troubleshooting'),
(341, 'AngularJS'),
(342, 'JSON'),
(343, 'Capital Markets'),
(344, 'Big Data'),
(345, 'Google Cloud Platform (GCP)'),
(346, 'DAX'),
(347, 'Data Pipelines'),
(348, 'Development Operations'),
(349, 'Google BigQuery'),
(350, 'Meetup'),
(351, 'Role-Based Access Control (RBAC)'),
(352, 'Test Automation'),
(353, 'Analytical Solutions'),
(354, 'Apache Spark'),
(355, 'Hadoop'),
(356, 'SQL Database Administration'),
(357, 'SQL Server Integration Services (SSIS)'),
(358, 'SQL Server Reporting Services (SSRS)'),
(359, 'C (Programming Language)'),
(360, 'Functional Specifications'),
(361, 'Software Maintenance'),
(362, 'Speaking French'),
(363, 'Elasticsearch'),
(364, 'Acceptance Testing'),
(365, 'Behavior-Driven Development (BDD)'),
(366, 'Manual Testing'),
(367, 'Mobile Testing'),
(368, 'Quality Assurance'),
(369, 'Regression Testing'),
(370, 'System Testing'),
(371, 'Software Solutions'),
(372, 'Agile Software Development'),
(373, 'Applications Delivery'),
(374, 'Computer Programming'),
(375, 'Resolving Issues'),
(376, 'Shell Scripting'),
(377, 'Microsoft Azure'),
(378, 'Microsoft Power BI'),
(379, 'Communication Protocols'),
(380, 'Engineering'),
(381, 'French'),
(382, 'Learnability'),
(383, 'Research and Development (R&D)'),
(384, 'Water'),
(385, 'Entity Framework'),
(386, 'Self-confidence'),
(387, 'Concept Generation'),
(388, 'Professional Skills'),
(389, 'Debian'),
(390, 'Gitlab'),
(391, 'Nginx'),
(392, 'Red Hat Linux'),
(393, 'Terraform'),
(394, 'VMware'),
(395, 'Windows'),
(396, 'Windows Server'),
(397, 'Cryptocurrency'),
(398, 'External Communications'),
(399, 'Internal and External Communications'),
(400, 'Smart Contracts'),
(401, 'Zoom'),
(402, 'JavaServer Faces (JSF)'),
(403, 'Webpack'),
(404, 'Gradle'),
(405, 'User Experience (UX)'),
(406, 'Pedagogy'),
(407, 'Teaching'),
(408, 'Team Spirit'),
(409, 'Training'),
(410, 'Training Facilitation'),
(411, 'On Deadline'),
(412, 'Project Management Software'),
(413, 'Software'),
(414, 'Technical Discussions'),
(415, 'Chatbot Development'),
(416, 'Chatbots'),
(417, 'Conversational AI'),
(418, 'Natural Language Processing (NLP)'),
(419, 'Plain English'),
(420, 'Speech Recognition'),
(421, 'Web Services'),
(422, 'Enterprise Service Bus (ESB) Architecture'),
(423, 'Integration Development'),
(424, 'MuleSoft Anypoint Platform'),
(425, 'Scripting'),
(426, 'Service-Oriented Architecture (SOA)'),
(427, 'XML'),
(428, 'FastAPI'),
(429, 'GitHub'),
(430, 'Agile Environment'),
(431, 'Hardware Testing'),
(432, 'International Travel'),
(433, 'Linux Distributions'),
(434, 'Analytics'),
(435, 'Benchmarking'),
(436, 'Customer Requirements'),
(437, 'DevOps'),
(438, 'Code Generation'),
(439, 'Linux Desktop'),
(440, 'Developer Tools'),
(441, 'Good Clinical Practice (GCP)'),
(442, 'IBM Cloud'),
(443, 'Test Environments'),
(444, 'Data Models'),
(445, 'Datasets'),
(446, 'Graph Algorithms'),
(447, 'Embedded Linux'),
(448, 'FlexRay'),
(449, 'Search Engine Optimization (SEO)'),
(450, 'Web Performance'),
(451, 'Data Visualization'),
(452, 'Statistical Analysis'),
(453, 'Web-based Systems'),
(454, 'Technical Advisory'),
(455, 'Data Quality'),
(456, 'Tableau'),
(457, 'Technical Design'),
(458, 'Systems Engineering'),
(459, 'Firebase'),
(460, 'Responsive Web Design'),
(461, 'RxJS'),
(462, 'Bluetooth Low Energy'),
(463, 'Peer Reviews'),
(464, 'Z-Wave'),
(465, 'ZigBee'),
(466, 'Autoconf'),
(467, 'Automake'),
(468, 'Real-Time Transport Protocol (RTP)'),
(469, 'Session Initiation Protocol (SIP)'),
(470, 'Voice over IP (VoIP)'),
(471, 'Amazon Redshift'),
(472, 'Pandas (Software)'),
(473, 'Query Optimization'),
(474, 'Technical Architecture'),
(475, 'ABAP Web Dynpro'),
(476, 'Commerce'),
(477, 'Dynatrace'),
(478, 'SAP Architecture'),
(479, 'SAP Development'),
(480, 'SAP Marketing Cloud'),
(481, 'SAP Products'),
(482, 'AHP'),
(483, 'Automated Machine Learning (AutoML)'),
(484, 'Game Theory'),
(485, 'Agile & Waterfall Methodologies'),
(486, 'Cocoa Touch'),
(487, 'iOS'),
(488, 'RDBMS'),
(489, 'Network Programming'),
(490, 'Feature Engineering'),
(491, 'Visualization'),
(492, 'Web Framework'),
(493, 'Doctrine (PHP)'),
(494, 'Phalcon Framework'),
(495, 'Site Reliability Engineering'),
(496, 'Kernel'),
(497, 'Linux Kernel'),
(498, 'Linux System Administration'),
(499, 'Puppet (Software)'),
(500, 'RISC'),
(501, 'RISC-V'),
(502, 'U-Boot'),
(503, 'Ubuntu'),
(504, 'Functionality'),
(505, 'Security Testing'),
(506, 'Software Quality'),
(507, 'Software Quality Assurance'),
(508, 'Test Automation Tools'),
(509, 'Test Scripts'),
(510, 'Audio Mastering'),
(511, 'Infor Enterprise Resource Planning (ERP)'),
(512, 'Oral Communication'),
(513, 'Performance Testing'),
(514, 'Postman API'),
(515, 'Test Cases'),
(516, 'UI Automation'),
(517, 'Agile Testing'),
(518, 'Cucumber'),
(519, 'Test Planning'),
(520, 'CI'),
(521, 'RTL Design'),
(522, 'BIM Software'),
(523, 'Building Information Modeling (BIM)'),
(524, 'Revit'),
(525, 'Visual Basic .NET (VB.NET)'),
(526, 'Odoo'),
(527, 'Configuration Management'),
(528, 'Teamwork'),
(529, 'Testing'),
(530, 'Leadership'),
(531, 'Web Design'),
(532, 'Distributed Systems'),
(533, 'NetSuite'),
(534, 'Stripe (Software)'),
(535, 'System Software'),
(536, 'WordPress'),
(537, 'Infrastructure as code (IaC)'),
(538, 'Capacity Planning'),
(539, 'Grafana'),
(540, 'Incident Response'),
(541, 'System Performance'),
(542, 'SOQL'),
(543, 'Salesforce.com'),
(544, 'Salesforce.com Administration'),
(545, 'Salesforce.com Development'),
(546, 'Visualforce'),
(547, 'Embedded Systems'),
(548, 'Firmware'),
(549, 'Serial ATA (SATA)'),
(550, 'UEFI'),
(551, 'Electrical Engineering'),
(552, 'Database Development'),
(553, 'RESTful WebServices'),
(554, 'Spring MVC'),
(555, 'Struts'),
(556, 'Presales'),
(557, 'Skilled Multi-tasker'),
(558, 'Data Architecture'),
(559, 'Data Lineage'),
(560, 'Metadata Management'),
(561, 'Arabic'),
(562, 'Documentation'),
(563, 'Enterprise Data'),
(564, 'Business Continuity'),
(565, 'Customer Interaction'),
(566, 'Solution Architecture'),
(567, 'Technical Understanding'),
(568, 'High Availability (HA)'),
(569, 'IBM Identity and Access Management (IAM)'),
(570, 'Identity and Access Management (IAM)'),
(571, 'Infrastructure as a Service (IaaS)'),
(572, 'Handlebars.js'),
(573, 'Marketing Automation'),
(574, 'Project Management'),
(575, 'Technical Sales'),
(576, 'Templating'),
(577, 'Cross-functional Team Leadership'),
(578, 'Technical Leadership'),
(579, 'Timelines'),
(580, 'Working Experience'),
(581, 'Data Operations'),
(582, 'Data Vault'),
(583, 'Dell Boomi'),
(584, 'Informatica'),
(585, 'Kimball'),
(586, 'Colocation Facilities'),
(587, 'Connectivity'),
(588, 'Hardware'),
(589, 'Pre-Sales Technical Consulting'),
(590, 'Request for Proposal (RFP)'),
(591, 'Statements of Work (SOW)'),
(592, 'Material Requirements Planning (MRP)'),
(593, 'Multithreading'),
(594, 'Servlets'),
(595, 'Systems Integration'),
(596, 'Archimate'),
(597, 'Deliverables'),
(598, 'Technical Sales Support'),
(599, 'CATIA'),
(600, 'Computer-Aided Design (CAD)'),
(601, 'Feasibilities'),
(602, 'LaTeX'),
(603, 'PTC Creo'),
(604, 'Unified Modeling Language (UML)'),
(605, 'Broadband'),
(606, 'Esprit'),
(607, 'Intelligent Networks'),
(608, 'Test Stand'),
(609, 'Active Directory'),
(610, 'Customer Service'),
(611, 'Microsoft 365'),
(612, 'N-Able'),
(613, 'Procedural Documentation'),
(614, 'Vulnerability'),
(615, 'Customer Relations'),
(616, 'Database Administration'),
(617, 'Oracle Database Administration'),
(618, 'System Administration'),
(619, 'Technical Services'),
(620, 'Catalogue Design'),
(621, 'Creativity and Innovation'),
(622, 'Interviewing'),
(623, 'Process Design'),
(624, 'Rationalisation'),
(625, 'Service Catalog'),
(626, 'ServiceNow'),
(627, 'Technology Platforms'),
(628, 'Exceeding Customer Expectations'),
(629, 'Information Technology'),
(630, 'Product Demonstration'),
(631, 'CMDB'),
(632, 'IT Operations'),
(633, 'Requirements Gathering'),
(634, 'Application Support'),
(635, 'Building Maintenance'),
(636, 'Client Requirements'),
(637, 'Data Privacy'),
(638, 'JD Edwards'),
(639, 'Managed Services'),
(640, 'Service Levels'),
(641, 'Warehouse Management'),
(642, 'Citrix Virtual Apps]'),
(643, 'Domain Name System (DNS)'),
(644, 'German'),
(645, 'Hypertext Transfer Protocol (HTTP)'),
(646, 'Iperf'),
(647, 'L2TP'),
(648, 'Network Troubleshooting'),
(649, 'Tcpdump'),
(650, 'Wireshark'),
(651, 'FTP'),
(652, 'Internet Protocol Suite (TCP/IP)'),
(653, 'Transmission Control Protocol (TCP)'),
(654, 'Customer Support'),
(655, 'Investment Decisions'),
(656, 'Microsoft Exchange'),
(657, 'Networking'),
(658, 'Telephone Support'),
(659, 'Operating Systems'),
(660, 'Relationship Building'),
(661, 'AC/DC'),
(662, 'Contract Management'),
(663, 'DWDM'),
(664, 'Fiber Optic Networks'),
(665, 'Fiber to the x (FTTx)'),
(666, 'Incident Management'),
(667, 'Power Engineering'),
(668, 'SFP'),
(669, 'UPS Systems'),
(670, 'Wavelength-Division Multiplexing (WDM)'),
(671, 'Customer Satisfaction'),
(672, 'Easily Adaptable'),
(673, 'Instructional Videos'),
(674, 'Phone Etiquette'),
(675, 'Desktop Computers'),
(676, 'Desktop Support'),
(677, 'Linux Server'),
(678, 'Server Administration'),
(679, 'Help Desk Support'),
(680, 'IT Escalation'),
(681, 'Resolutions');

--
-- Indexes for dumped tables
--

--
-- Indexes for table `company`
--
ALTER TABLE `company`
  ADD PRIMARY KEY (`id`);

--
-- Indexes for table `job`
--
ALTER TABLE `job`
  ADD PRIMARY KEY (`id`),
  ADD KEY `title_id` (`title_id`),
  ADD KEY `company_id` (`company_id`);

--
-- Indexes for table `job_skills`
--
ALTER TABLE `job_skills`
  ADD PRIMARY KEY (`job_id`,`skill_id`),
  ADD KEY `skill_id` (`skill_id`);

--
-- Indexes for table `job_title`
--
ALTER TABLE `job_title`
  ADD PRIMARY KEY (`id`);

--
-- Indexes for table `skills`
--
ALTER TABLE `skills`
  ADD PRIMARY KEY (`id`);

--
-- AUTO_INCREMENT for dumped tables
--

--
-- AUTO_INCREMENT for table `company`
--
ALTER TABLE `company`
  MODIFY `id` int(11) NOT NULL AUTO_INCREMENT, AUTO_INCREMENT=82;

--
-- AUTO_INCREMENT for table `job`
--
ALTER TABLE `job`
  MODIFY `id` int(11) NOT NULL AUTO_INCREMENT, AUTO_INCREMENT=243;

--
-- AUTO_INCREMENT for table `job_title`
--
ALTER TABLE `job_title`
  MODIFY `id` int(11) NOT NULL AUTO_INCREMENT, AUTO_INCREMENT=9;

--
-- AUTO_INCREMENT for table `skills`
--
ALTER TABLE `skills`
  MODIFY `id` int(11) NOT NULL AUTO_INCREMENT, AUTO_INCREMENT=682;

--
-- Constraints for dumped tables
--

--
-- Constraints for table `job`
--
ALTER TABLE `job`
  ADD CONSTRAINT `job_ibfk_1` FOREIGN KEY (`title_id`) REFERENCES `job_title` (`id`),
  ADD CONSTRAINT `job_ibfk_2` FOREIGN KEY (`company_id`) REFERENCES `company` (`id`);

--
-- Constraints for table `job_skills`
--
ALTER TABLE `job_skills`
  ADD CONSTRAINT `job_skills_ibfk_1` FOREIGN KEY (`job_id`) REFERENCES `job` (`id`),
  ADD CONSTRAINT `job_skills_ibfk_2` FOREIGN KEY (`skill_id`) REFERENCES `skills` (`id`);
COMMIT;

/*!40101 SET CHARACTER_SET_CLIENT=@OLD_CHARACTER_SET_CLIENT */;
/*!40101 SET CHARACTER_SET_RESULTS=@OLD_CHARACTER_SET_RESULTS */;
/*!40101 SET COLLATION_CONNECTION=@OLD_COLLATION_CONNECTION */;
